,Deployment.ID1,Deployment.ID,Image.Sequence.ID,Image.ID,Location,Image.File.Name,Photo.Type,Photo.Type.Identified.by,Genus.Species,Species.Common.Name,TSN.ID,IUCN.ID,IUCN.Status,Date.Time,Interest.Rank,Age,Count,Animal.recognizable,Individual.Animal.Notes,Digital.Origin,Embargo.Period,Restrictions.on.Access,Image.Use.Restrictions
846,d34171,L-WL16-G07A,,L-WL16-G07A-0073,,IMAG0073,,,Turdus mupinensis,Chinese Thrush,,,,4/10/2016 10:59,,,1,,,,,,
847,d34171,L-WL16-G07A,,L-WL16-G07A-0074,,IMAG0074,,,Turdus mupinensis,Chinese Thrush,,,,4/10/2016 10:59,,,1,,,,,,
848,d34171,L-WL16-G07A,,L-WL16-G07A-0075,,IMAG0075,,,Turdus mupinensis,Chinese Thrush,,,,4/10/2016 10:59,,,1,,,,,,
849,d34171,L-WL16-G07A,,L-WL16-G07A-0077,,IMAG0077,,,Turdus mupinensis,Chinese Thrush,,,,4/10/2016 11:00,,,1,,,,,,
850,d34171,L-WL16-G07A,,L-WL16-G07A-0078,,IMAG0078,,,Turdus mupinensis,Chinese Thrush,,,,4/10/2016 11:00,,,1,,,,,,
851,d34171,L-WL16-G07A,,L-WL16-G07A-0079,,IMAG0079,,,Turdus mupinensis,Chinese Thrush,,,,4/10/2016 11:00,,,1,,,,,,
852,d34171,L-WL16-G07A,,L-WL16-G07A-0081,,IMAG0081,,,Turdus mupinensis,Chinese Thrush,,,,4/10/2016 11:14,,,1,,,,,,
853,d34171,L-WL16-G07A,,L-WL16-G07A-0082,,IMAG0082,,,Turdus mupinensis,Chinese Thrush,,,,4/10/2016 11:14,,,1,,,,,,
854,d34171,L-WL16-G07A,,L-WL16-G07A-0083,,IMAG0083,,,Turdus mupinensis,Chinese Thrush,,,,4/10/2016 11:14,,,1,,,,,,
870,d34171,L-WL16-G07A,,L-WL16-G07A-0105,,IMAG0105,,,Turdus mupinensis,Chinese Thrush,,,,4/12/2016 11:23,,,1,,,,,,
871,d34171,L-WL16-G07A,,L-WL16-G07A-0106,,IMAG0106,,,Turdus mupinensis,Chinese Thrush,,,,4/12/2016 11:23,,,1,,,,,,
872,d34171,L-WL16-G07A,,L-WL16-G07A-0107,,IMAG0107,,,Turdus mupinensis,Chinese Thrush,,,,4/12/2016 11:23,,,1,,,,,,
879,d34171,L-WL16-G07A,,L-WL16-G07A-0117,,IMAG0117,,,Turdus mupinensis,Chinese Thrush,,,,4/14/2016 8:29,,,1,,,,,,
891,d34171,L-WL16-G07A,,L-WL16-G07A-0133,,IMAG0133,,,Turdus mupinensis,Chinese Thrush,,,,4/14/2016 17:32,,,1,,,,,,
892,d34171,L-WL16-G07A,,L-WL16-G07A-0134,,IMAG0134,,,Turdus mupinensis,Chinese Thrush,,,,4/14/2016 17:32,,,1,,,,,,
893,d34171,L-WL16-G07A,,L-WL16-G07A-0135,,IMAG0135,,,Turdus mupinensis,Chinese Thrush,,,,4/14/2016 17:32,,,1,,,,,,
894,d34171,L-WL16-G07A,,L-WL16-G07A-0137,,IMAG0137,,,Turdus mupinensis,Chinese Thrush,,,,4/14/2016 17:33,,,1,,,,,,
895,d34171,L-WL16-G07A,,L-WL16-G07A-0138,,IMAG0138,,,Turdus mupinensis,Chinese Thrush,,,,4/14/2016 17:33,,,1,,,,,,
896,d34171,L-WL16-G07A,,L-WL16-G07A-0139,,IMAG0139,,,Turdus mupinensis,Chinese Thrush,,,,4/14/2016 17:33,,,1,,,,,,
903,d34171,L-WL16-G07A,,L-WL16-G07A-0149,,IMAG0149,,,Turdus mupinensis,Chinese Thrush,,,,4/17/2016 7:48,,,1,,,,,,
904,d34171,L-WL16-G07A,,L-WL16-G07A-0150,,IMAG0150,,,Turdus mupinensis,Chinese Thrush,,,,4/17/2016 7:48,,,1,,,,,,
905,d34171,L-WL16-G07A,,L-WL16-G07A-0151,,IMAG0151,,,Turdus mupinensis,Chinese Thrush,,,,4/17/2016 7:48,,,1,,,,,,
936,d34171,L-WL16-G07A,,L-WL16-G07A-0193,,IMAG0193,,,Turdus mupinensis,Chinese Thrush,,,,4/20/2016 16:53,,,1,,,,,,
937,d34171,L-WL16-G07A,,L-WL16-G07A-0194,,IMAG0194,,,Turdus mupinensis,Chinese Thrush,,,,4/20/2016 16:53,,,1,,,,,,
938,d34171,L-WL16-G07A,,L-WL16-G07A-0195,,IMAG0195,,,Turdus mupinensis,Chinese Thrush,,,,4/20/2016 16:53,,,1,,,,,,
939,d34171,L-WL16-G07A,,L-WL16-G07A-0197,,IMAG0197,,,Turdus mupinensis,Chinese Thrush,,,,4/20/2016 16:54,,,1,,,,,,
940,d34171,L-WL16-G07A,,L-WL16-G07A-0198,,IMAG0198,,,Turdus mupinensis,Chinese Thrush,,,,4/20/2016 16:54,,,1,,,,,,
941,d34171,L-WL16-G07A,,L-WL16-G07A-0199,,IMAG0199,,,Turdus mupinensis,Chinese Thrush,,,,4/20/2016 16:54,,,1,,,,,,
942,d34171,L-WL16-G07A,,L-WL16-G07A-0201,,IMAG0201,,,Turdus mupinensis,Chinese Thrush,,,,4/20/2016 16:55,,,1,,,,,,
943,d34171,L-WL16-G07A,,L-WL16-G07A-0202,,IMAG0202,,,Turdus mupinensis,Chinese Thrush,,,,4/20/2016 16:55,,,1,,,,,,
944,d34171,L-WL16-G07A,,L-WL16-G07A-0203,,IMAG0203,,,Turdus mupinensis,Chinese Thrush,,,,4/20/2016 16:55,,,1,,,,,,
945,d34171,L-WL16-G07A,,L-WL16-G07A-0205,,IMAG0205,,,Turdus mupinensis,Chinese Thrush,,,,4/21/2016 16:12,,,1,,,,,,
946,d34171,L-WL16-G07A,,L-WL16-G07A-0206,,IMAG0206,,,Turdus mupinensis,Chinese Thrush,,,,4/21/2016 16:12,,,1,,,,,,
947,d34171,L-WL16-G07A,,L-WL16-G07A-0207,,IMAG0207,,,Turdus mupinensis,Chinese Thrush,,,,4/21/2016 16:12,,,1,,,,,,
948,d34171,L-WL16-G07A,,L-WL16-G07A-0209,,IMAG0209,,,Turdus mupinensis,Chinese Thrush,,,,4/23/2016 12:14,,,1,,,,,,
949,d34171,L-WL16-G07A,,L-WL16-G07A-0210,,IMAG0210,,,Turdus mupinensis,Chinese Thrush,,,,4/23/2016 12:14,,,1,,,,,,
950,d34171,L-WL16-G07A,,L-WL16-G07A-0211,,IMAG0211,,,Turdus mupinensis,Chinese Thrush,,,,4/23/2016 12:14,,,1,,,,,,
951,d34171,L-WL16-G07A,,L-WL16-G07A-0213,,IMAG0213,,,Turdus mupinensis,Chinese Thrush,,,,4/23/2016 12:14,,,1,,,,,,
952,d34171,L-WL16-G07A,,L-WL16-G07A-0214,,IMAG0214,,,Turdus mupinensis,Chinese Thrush,,,,4/23/2016 12:14,,,1,,,,,,
953,d34171,L-WL16-G07A,,L-WL16-G07A-0215,,IMAG0215,,,Turdus mupinensis,Chinese Thrush,,,,4/23/2016 12:14,,,1,,,,,,
954,d34171,L-WL16-G07A,,L-WL16-G07A-0217,,IMAG0217,,,Turdus mupinensis,Chinese Thrush,,,,4/23/2016 12:15,,,1,,,,,,
955,d34171,L-WL16-G07A,,L-WL16-G07A-0218,,IMAG0218,,,Turdus mupinensis,Chinese Thrush,,,,4/23/2016 12:15,,,1,,,,,,
956,d34171,L-WL16-G07A,,L-WL16-G07A-0219,,IMAG0219,,,Turdus mupinensis,Chinese Thrush,,,,4/23/2016 12:15,,,1,,,,,,
957,d34171,L-WL16-G07A,,L-WL16-G07A-0221,,IMAG0221,,,Turdus mupinensis,Chinese Thrush,,,,4/23/2016 19:02,,,1,,,,,,
958,d34171,L-WL16-G07A,,L-WL16-G07A-0222,,IMAG0222,,,Turdus mupinensis,Chinese Thrush,,,,4/23/2016 19:02,,,1,,,,,,
959,d34171,L-WL16-G07A,,L-WL16-G07A-0223,,IMAG0223,,,Turdus mupinensis,Chinese Thrush,,,,4/23/2016 19:02,,,1,,,,,,
966,d34171,L-WL16-G07A,,L-WL16-G07A-0233,,IMAG0233,,,Turdus mupinensis,Chinese Thrush,,,,4/27/2016 14:15,,,1,,,,,,
967,d34171,L-WL16-G07A,,L-WL16-G07A-0234,,IMAG0234,,,Turdus mupinensis,Chinese Thrush,,,,4/27/2016 14:15,,,1,,,,,,
968,d34171,L-WL16-G07A,,L-WL16-G07A-0235,,IMAG0235,,,Turdus mupinensis,Chinese Thrush,,,,4/27/2016 14:15,,,1,,,,,,
969,d34171,L-WL16-G07A,,L-WL16-G07A-0237,,IMAG0237,,,Turdus mupinensis,Chinese Thrush,,,,4/27/2016 14:16,,,1,,,,,,
970,d34171,L-WL16-G07A,,L-WL16-G07A-0238,,IMAG0238,,,Turdus mupinensis,Chinese Thrush,,,,4/27/2016 14:16,,,1,,,,,,
971,d34171,L-WL16-G07A,,L-WL16-G07A-0239,,IMAG0239,,,Turdus mupinensis,Chinese Thrush,,,,4/27/2016 14:16,,,1,,,,,,
984,d34171,L-WL16-G07A,,L-WL16-G07A-0257,,IMAG0257,,,Turdus mupinensis,Chinese Thrush,,,,4/29/2016 15:46,,,1,,,,,,
985,d34171,L-WL16-G07A,,L-WL16-G07A-0258,,IMAG0258,,,Turdus mupinensis,Chinese Thrush,,,,4/29/2016 15:46,,,1,,,,,,
986,d34171,L-WL16-G07A,,L-WL16-G07A-0259,,IMAG0259,,,Turdus mupinensis,Chinese Thrush,,,,4/29/2016 15:46,,,1,,,,,,
987,d34171,L-WL16-G07A,,L-WL16-G07A-0261,,IMAG0261,,,Turdus mupinensis,Chinese Thrush,,,,4/29/2016 16:48,,,1,,,,,,
988,d34171,L-WL16-G07A,,L-WL16-G07A-0262,,IMAG0262,,,Turdus mupinensis,Chinese Thrush,,,,4/29/2016 16:48,,,1,,,,,,
989,d34171,L-WL16-G07A,,L-WL16-G07A-0263,,IMAG0263,,,Turdus mupinensis,Chinese Thrush,,,,4/29/2016 16:48,,,1,,,,,,
996,d34171,L-WL16-G07A,,L-WL16-G07A-0273,,IMAG0273,,,Turdus mupinensis,Chinese Thrush,,,,5/1/2016 16:58,,,1,,,,,,
997,d34171,L-WL16-G07A,,L-WL16-G07A-0274,,IMAG0274,,,Turdus mupinensis,Chinese Thrush,,,,5/1/2016 16:58,,,1,,,,,,
998,d34171,L-WL16-G07A,,L-WL16-G07A-0275,,IMAG0275,,,Turdus mupinensis,Chinese Thrush,,,,5/1/2016 16:58,,,1,,,,,,
1017,d34171,L-WL16-G07A,,L-WL16-G07A-0301,,IMAG0301,,,Turdus mupinensis,Chinese Thrush,,,,5/4/2016 16:30,,,1,,,,,,
1018,d34171,L-WL16-G07A,,L-WL16-G07A-0302,,IMAG0302,,,Turdus mupinensis,Chinese Thrush,,,,5/4/2016 16:30,,,1,,,,,,
1019,d34171,L-WL16-G07A,,L-WL16-G07A-0303,,IMAG0303,,,Turdus mupinensis,Chinese Thrush,,,,5/4/2016 16:30,,,1,,,,,,
1053,d34171,L-WL16-G07A,,L-WL16-G07A-0349,,IMAG0349,,,Turdus mupinensis,Chinese Thrush,,,,5/10/2016 13:10,,,1,,,,,,
1054,d34171,L-WL16-G07A,,L-WL16-G07A-0350,,IMAG0350,,,Turdus mupinensis,Chinese Thrush,,,,5/10/2016 13:10,,,1,,,,,,
1055,d34171,L-WL16-G07A,,L-WL16-G07A-0351,,IMAG0351,,,Turdus mupinensis,Chinese Thrush,,,,5/10/2016 13:10,,,1,,,,,,
1056,d34171,L-WL16-G07A,,L-WL16-G07A-0353,,IMAG0353,,,Turdus mupinensis,Chinese Thrush,,,,5/11/2016 6:22,,,1,,,,,,
1057,d34171,L-WL16-G07A,,L-WL16-G07A-0354,,IMAG0354,,,Turdus mupinensis,Chinese Thrush,,,,5/11/2016 6:22,,,1,,,,,,
1058,d34171,L-WL16-G07A,,L-WL16-G07A-0355,,IMAG0355,,,Turdus mupinensis,Chinese Thrush,,,,5/11/2016 6:22,,,1,,,,,,
1062,d34171,L-WL16-G07A,,L-WL16-G07A-0361,,IMAG0361,,,Turdus mupinensis,Chinese Thrush,,,,5/11/2016 12:17,,,2,,,,,,
1063,d34171,L-WL16-G07A,,L-WL16-G07A-0362,,IMAG0362,,,Turdus mupinensis,Chinese Thrush,,,,5/11/2016 12:17,,,2,,,,,,
1064,d34171,L-WL16-G07A,,L-WL16-G07A-0363,,IMAG0363,,,Turdus mupinensis,Chinese Thrush,,,,5/11/2016 12:17,,,2,,,,,,
1065,d34171,L-WL16-G07A,,L-WL16-G07A-0365,,IMAG0365,,,Turdus mupinensis,Chinese Thrush,,,,5/11/2016 12:18,,,2,,,,,,
1066,d34171,L-WL16-G07A,,L-WL16-G07A-0366,,IMAG0366,,,Turdus mupinensis,Chinese Thrush,,,,5/11/2016 12:18,,,2,,,,,,
1067,d34171,L-WL16-G07A,,L-WL16-G07A-0367,,IMAG0367,,,Turdus mupinensis,Chinese Thrush,,,,5/11/2016 12:18,,,2,,,,,,
1077,d34171,L-WL16-G07A,,L-WL16-G07A-0381,,IMAG0381,,,Turdus mupinensis,Chinese Thrush,,,,5/16/2016 13:39,,,1,,,,,,
1078,d34171,L-WL16-G07A,,L-WL16-G07A-0382,,IMAG0382,,,Turdus mupinensis,Chinese Thrush,,,,5/16/2016 13:39,,,1,,,,,,
1079,d34171,L-WL16-G07A,,L-WL16-G07A-0383,,IMAG0383,,,Turdus mupinensis,Chinese Thrush,,,,5/16/2016 13:39,,,1,,,,,,
1080,d34171,L-WL16-G07A,,L-WL16-G07A-0385,,IMAG0385,,,Turdus mupinensis,Chinese Thrush,,,,5/16/2016 16:55,,,1,,,,,,
1081,d34171,L-WL16-G07A,,L-WL16-G07A-0386,,IMAG0386,,,Turdus mupinensis,Chinese Thrush,,,,5/16/2016 16:55,,,1,,,,,,
1082,d34171,L-WL16-G07A,,L-WL16-G07A-0387,,IMAG0387,,,Turdus mupinensis,Chinese Thrush,,,,5/16/2016 16:55,,,1,,,,,,
1254,d34171,L-WL16-G07A,,L-WL16-G07A-0617,,IMAG0617,,,Turdus mupinensis,Chinese Thrush,,,,6/12/2016 12:30,,,1,,,,,,
1255,d34171,L-WL16-G07A,,L-WL16-G07A-0618,,IMAG0618,,,Turdus mupinensis,Chinese Thrush,,,,6/12/2016 12:30,,,1,,,,,,
1256,d34171,L-WL16-G07A,,L-WL16-G07A-0619,,IMAG0619,,,Turdus mupinensis,Chinese Thrush,,,,6/12/2016 12:30,,,1,,,,,,
1272,d34171,L-WL16-G07A,,L-WL16-G07A-0641,,IMAG0641,,,Turdus mupinensis,Chinese Thrush,,,,6/13/2016 16:15,,,1,,,,,,
1273,d34171,L-WL16-G07A,,L-WL16-G07A-0642,,IMAG0642,,,Turdus mupinensis,Chinese Thrush,,,,6/13/2016 16:15,,,1,,,,,,
1274,d34171,L-WL16-G07A,,L-WL16-G07A-0643,,IMAG0643,,,Turdus mupinensis,Chinese Thrush,,,,6/13/2016 16:15,,,1,,,,,,
1278,d34171,L-WL16-G07A,,L-WL16-G07A-0649,,IMAG0649,,,Turdus mupinensis,Chinese Thrush,,,,6/14/2016 13:08,,,1,,,,,,
1279,d34171,L-WL16-G07A,,L-WL16-G07A-0650,,IMAG0650,,,Turdus mupinensis,Chinese Thrush,,,,6/14/2016 13:08,,,1,,,,,,
1280,d34171,L-WL16-G07A,,L-WL16-G07A-0651,,IMAG0651,,,Turdus mupinensis,Chinese Thrush,,,,6/14/2016 13:08,,,1,,,,,,
1281,d34171,L-WL16-G07A,,L-WL16-G07A-0653,,IMAG0653,,,Turdus mupinensis,Chinese Thrush,,,,6/14/2016 13:09,,,1,,,,,,
1282,d34171,L-WL16-G07A,,L-WL16-G07A-0654,,IMAG0654,,,Turdus mupinensis,Chinese Thrush,,,,6/14/2016 13:09,,,1,,,,,,
1283,d34171,L-WL16-G07A,,L-WL16-G07A-0655,,IMAG0655,,,Turdus mupinensis,Chinese Thrush,,,,6/14/2016 13:09,,,1,,,,,,
1293,d34171,L-WL16-G07A,,L-WL16-G07A-0669,,IMAG0669,,,Turdus mupinensis,Chinese Thrush,,,,6/19/2016 13:11,,,1,,,,,,
1294,d34171,L-WL16-G07A,,L-WL16-G07A-0670,,IMAG0670,,,Turdus mupinensis,Chinese Thrush,,,,6/19/2016 13:12,,,1,,,,,,
1295,d34171,L-WL16-G07A,,L-WL16-G07A-0671,,IMAG0671,,,Turdus mupinensis,Chinese Thrush,,,,6/19/2016 13:12,,,1,,,,,,
1300,d34171,L-WL16-G07A,,L-WL16-G07A-0678,,IMAG0678,,,Turdus mupinensis,Chinese Thrush,,,,6/20/2016 8:59,,,1,,,,,,
1302,d34171,L-WL16-G07A,,L-WL16-G07A-0681,,IMAG0681,,,Turdus mupinensis,Chinese Thrush,,,,6/20/2016 9:27,,,1,,,,,,
1303,d34171,L-WL16-G07A,,L-WL16-G07A-0682,,IMAG0682,,,Turdus mupinensis,Chinese Thrush,,,,6/20/2016 9:27,,,1,,,,,,
1304,d34171,L-WL16-G07A,,L-WL16-G07A-0683,,IMAG0683,,,Turdus mupinensis,Chinese Thrush,,,,6/20/2016 9:27,,,1,,,,,,
1305,d34171,L-WL16-G07A,,L-WL16-G07A-0685,,IMAG0685,,,Turdus mupinensis,Chinese Thrush,,,,6/20/2016 11:55,,,1,,,,,,
1306,d34171,L-WL16-G07A,,L-WL16-G07A-0686,,IMAG0686,,,Turdus mupinensis,Chinese Thrush,,,,6/20/2016 11:55,,,1,,,,,,
1307,d34171,L-WL16-G07A,,L-WL16-G07A-0687,,IMAG0687,,,Turdus mupinensis,Chinese Thrush,,,,6/20/2016 11:55,,,1,,,,,,
1308,d34171,L-WL16-G07A,,L-WL16-G07A-0689,,IMAG0689,,,Turdus mupinensis,Chinese Thrush,,,,6/25/2016 6:18,,,1,,,,,,
1309,d34171,L-WL16-G07A,,L-WL16-G07A-0690,,IMAG0690,,,Turdus mupinensis,Chinese Thrush,,,,6/25/2016 6:18,,,1,,,,,,
1310,d34171,L-WL16-G07A,,L-WL16-G07A-0691,,IMAG0691,,,Turdus mupinensis,Chinese Thrush,,,,6/25/2016 6:18,,,1,,,,,,
1371,d34171,L-WL16-G07A,,L-WL16-G07A-0773,,IMAG0773,,,Turdus mupinensis,Chinese Thrush,,,,7/1/2016 11:18,,,1,,,,,,
1372,d34171,L-WL16-G07A,,L-WL16-G07A-0774,,IMAG0774,,,Turdus mupinensis,Chinese Thrush,,,,7/1/2016 11:18,,,1,,,,,,
1373,d34171,L-WL16-G07A,,L-WL16-G07A-0775,,IMAG0775,,,Turdus mupinensis,Chinese Thrush,,,,7/1/2016 11:18,,,1,,,,,,
1374,d34171,L-WL16-G07A,,L-WL16-G07A-0777,,IMAG0777,,,Turdus mupinensis,Chinese Thrush,,,,7/1/2016 11:51,,,1,,,,,,
1375,d34171,L-WL16-G07A,,L-WL16-G07A-0778,,IMAG0778,,,Turdus mupinensis,Chinese Thrush,,,,7/1/2016 11:51,,,1,,,,,,
1376,d34171,L-WL16-G07A,,L-WL16-G07A-0779,,IMAG0779,,,Turdus mupinensis,Chinese Thrush,,,,7/1/2016 11:51,,,1,,,,,,
1389,d34171,L-WL16-G07A,,L-WL16-G07A-0797,,IMAG0797,,,Turdus mupinensis,Chinese Thrush,,,,7/2/2016 14:02,,,1,,,,,,
1390,d34171,L-WL16-G07A,,L-WL16-G07A-0798,,IMAG0798,,,Turdus mupinensis,Chinese Thrush,,,,7/2/2016 14:02,,,1,,,,,,
1391,d34171,L-WL16-G07A,,L-WL16-G07A-0799,,IMAG0799,,,Turdus mupinensis,Chinese Thrush,,,,7/2/2016 14:02,,,1,,,,,,
1395,d34171,L-WL16-G07A,,L-WL16-G07A-0805,,IMAG0805,,,Turdus mupinensis,Chinese Thrush,,,,7/3/2016 11:17,,,1,,,,,,
1396,d34171,L-WL16-G07A,,L-WL16-G07A-0806,,IMAG0806,,,Turdus mupinensis,Chinese Thrush,,,,7/3/2016 11:17,,,1,,,,,,
1397,d34171,L-WL16-G07A,,L-WL16-G07A-0807,,IMAG0807,,,Turdus mupinensis,Chinese Thrush,,,,7/3/2016 11:17,,,1,,,,,,
1398,d34171,L-WL16-G07A,,L-WL16-G07A-0809,,IMAG0809,,,Turdus mupinensis,Chinese Thrush,,,,7/3/2016 11:18,,,1,,,,,,
1399,d34171,L-WL16-G07A,,L-WL16-G07A-0810,,IMAG0810,,,Turdus mupinensis,Chinese Thrush,,,,7/3/2016 11:18,,,1,,,,,,
1400,d34171,L-WL16-G07A,,L-WL16-G07A-0811,,IMAG0811,,,Turdus mupinensis,Chinese Thrush,,,,7/3/2016 11:18,,,1,,,,,,
1401,d34171,L-WL16-G07A,,L-WL16-G07A-0813,,IMAG0813,,,Turdus mupinensis,Chinese Thrush,,,,7/3/2016 11:19,,,1,,,,,,
1402,d34171,L-WL16-G07A,,L-WL16-G07A-0814,,IMAG0814,,,Turdus mupinensis,Chinese Thrush,,,,7/3/2016 11:19,,,1,,,,,,
1403,d34171,L-WL16-G07A,,L-WL16-G07A-0815,,IMAG0815,,,Turdus mupinensis,Chinese Thrush,,,,7/3/2016 11:19,,,1,,,,,,
1404,d34171,L-WL16-G07A,,L-WL16-G07A-0817,,IMAG0817,,,Turdus mupinensis,Chinese Thrush,,,,7/4/2016 7:23,,,1,,,,,,
1405,d34171,L-WL16-G07A,,L-WL16-G07A-0818,,IMAG0818,,,Turdus mupinensis,Chinese Thrush,,,,7/4/2016 7:23,,,1,,,,,,
1406,d34171,L-WL16-G07A,,L-WL16-G07A-0819,,IMAG0819,,,Turdus mupinensis,Chinese Thrush,,,,7/4/2016 7:23,,,2,,,,,,
1413,d34171,L-WL16-G07A,,L-WL16-G07A-0829,,IMAG0829,,,Turdus mupinensis,Chinese Thrush,,,,7/4/2016 11:40,,,1,,,,,,
1414,d34171,L-WL16-G07A,,L-WL16-G07A-0830,,IMAG0830,,,Turdus mupinensis,Chinese Thrush,,,,7/4/2016 11:40,,,1,,,,,,
1415,d34171,L-WL16-G07A,,L-WL16-G07A-0831,,IMAG0831,,,Turdus mupinensis,Chinese Thrush,,,,7/4/2016 11:40,,,1,,,,,,
1449,d34171,L-WL16-G07A,,L-WL16-G07A-0877,,IMAG0877,,,Turdus mupinensis,Chinese Thrush,,,,7/9/2016 12:00,,,1,,,,,,
1450,d34171,L-WL16-G07A,,L-WL16-G07A-0878,,IMAG0878,,,Turdus mupinensis,Chinese Thrush,,,,7/9/2016 12:00,,,1,,,,,,
1451,d34171,L-WL16-G07A,,L-WL16-G07A-0879,,IMAG0879,,,Turdus mupinensis,Chinese Thrush,,,,7/9/2016 12:00,,,1,,,,,,
1452,d34171,L-WL16-G07A,,L-WL16-G07A-0881,,IMAG0881,,,Turdus mupinensis,Chinese Thrush,,,,7/10/2016 9:57,,,1,,,,,,
1453,d34171,L-WL16-G07A,,L-WL16-G07A-0882,,IMAG0882,,,Turdus mupinensis,Chinese Thrush,,,,7/10/2016 9:57,,,1,,,,,,
1470,d34171,L-WL16-G07A,,L-WL16-G07A-0905,,IMAG0905,,,Turdus mupinensis,Chinese Thrush,,,,7/11/2016 14:05,,,1,,,,,,
1471,d34171,L-WL16-G07A,,L-WL16-G07A-0906,,IMAG0906,,,Turdus mupinensis,Chinese Thrush,,,,7/11/2016 14:05,,,1,,,,,,
1472,d34171,L-WL16-G07A,,L-WL16-G07A-0907,,IMAG0907,,,Turdus mupinensis,Chinese Thrush,,,,7/11/2016 14:05,,,1,,,,,,
1479,d34171,L-WL16-G07A,,L-WL16-G07A-0917,,IMAG0917,,,Turdus mupinensis,Chinese Thrush,,,,7/14/2016 12:10,,,1,,,,,,
1480,d34171,L-WL16-G07A,,L-WL16-G07A-0918,,IMAG0918,,,Turdus mupinensis,Chinese Thrush,,,,7/14/2016 12:11,,,1,,,,,,
1481,d34171,L-WL16-G07A,,L-WL16-G07A-0919,,IMAG0919,,,Turdus mupinensis,Chinese Thrush,,,,7/14/2016 12:11,,,1,,,,,,
1482,d34171,L-WL16-G07A,,L-WL16-G07A-0921,,IMAG0921,,,Turdus mupinensis,Chinese Thrush,,,,7/14/2016 17:07,,,1,,,,,,
1483,d34171,L-WL16-G07A,,L-WL16-G07A-0922,,IMAG0922,,,Turdus mupinensis,Chinese Thrush,,,,7/14/2016 17:07,,,1,,,,,,
1484,d34171,L-WL16-G07A,,L-WL16-G07A-0923,,IMAG0923,,,Turdus mupinensis,Chinese Thrush,,,,7/14/2016 17:07,,,1,,,,,,
1485,d34171,L-WL16-G07A,,L-WL16-G07A-0925,,IMAG0925,,,Turdus mupinensis,Chinese Thrush,,,,7/15/2016 12:39,,,1,,,,,,
1486,d34171,L-WL16-G07A,,L-WL16-G07A-0926,,IMAG0926,,,Turdus mupinensis,Chinese Thrush,,,,7/15/2016 12:39,,,1,,,,,,
1487,d34171,L-WL16-G07A,,L-WL16-G07A-0927,,IMAG0927,,,Turdus mupinensis,Chinese Thrush,,,,7/15/2016 12:40,,,1,,,,,,
1494,d34171,L-WL16-G07A,,L-WL16-G07A-0937,,IMAG0937,,,Turdus mupinensis,Chinese Thrush,,,,7/15/2016 13:24,,,1,,,,,,
1495,d34171,L-WL16-G07A,,L-WL16-G07A-0938,,IMAG0938,,,Turdus mupinensis,Chinese Thrush,,,,7/15/2016 13:24,,,1,,,,,,
1496,d34171,L-WL16-G07A,,L-WL16-G07A-0939,,IMAG0939,,,Turdus mupinensis,Chinese Thrush,,,,7/15/2016 13:24,,,1,,,,,,
1515,d34171,L-WL16-G07A,,L-WL16-G07A-0965,,IMAG0965,,,Turdus mupinensis,Chinese Thrush,,,,7/21/2016 7:18,,,1,,,,,,
1516,d34171,L-WL16-G07A,,L-WL16-G07A-0966,,IMAG0966,,,Turdus mupinensis,Chinese Thrush,,,,7/21/2016 7:18,,,1,,,,,,
1517,d34171,L-WL16-G07A,,L-WL16-G07A-0967,,IMAG0967,,,Turdus mupinensis,Chinese Thrush,,,,7/21/2016 7:18,,,1,,,,,,
1539,d34171,L-WL16-G07A,,L-WL16-G07A-0997,,IMAG0997,,,Turdus mupinensis,Chinese Thrush,,,,7/24/2016 17:07,,,1,,,,,,
1540,d34171,L-WL16-G07A,,L-WL16-G07A-0998,,IMAG0998,,,Turdus mupinensis,Chinese Thrush,,,,7/24/2016 17:07,,,1,,,,,,
1541,d34171,L-WL16-G07A,,L-WL16-G07A-0999,,IMAG0999,,,Turdus mupinensis,Chinese Thrush,,,,7/24/2016 17:07,,,1,,,,,,
1560,d34171,L-WL16-G07A,,L-WL16-G07A-1025,,IMAG1025,,,Turdus mupinensis,Chinese Thrush,,,,7/30/2016 11:12,,,1,,,,,,
1561,d34171,L-WL16-G07A,,L-WL16-G07A-1026,,IMAG1026,,,Turdus mupinensis,Chinese Thrush,,,,7/30/2016 11:12,,,1,,,,,,
1562,d34171,L-WL16-G07A,,L-WL16-G07A-1027,,IMAG1027,,,Turdus mupinensis,Chinese Thrush,,,,7/30/2016 11:12,,,1,,,,,,
1605,d34171,L-WL16-G07A,,L-WL16-G07A-1085,,IMAG1085,,,Seicercus burkii,Golden-spectacled Warbler,,,,8/9/2016 11:33,,,1,,,,,,
1606,d34171,L-WL16-G07A,,L-WL16-G07A-1086,,IMAG1086,,,Seicercus burkii,Golden-spectacled Warbler,,,,8/9/2016 11:33,,,1,,,,,,
1607,d34171,L-WL16-G07A,,L-WL16-G07A-1087,,IMAG1087,,,Seicercus burkii,Golden-spectacled Warbler,,,,8/9/2016 11:33,,,1,,,,,,
5566,d34176,L-WL16-J07A,,L-WL16-J07A-0111,,IMG_0151,,,Parus ater,Coal Tit,,,,5/18/2016 10:23,,,1,,,,,,
5611,d34176,L-WL16-J07A,,L-WL16-J07A-0156,,IMG_0196,,,Turdus mupinensis,Chinese Thrush,,,,5/21/2016 9:10,,,1,,,,,,
5612,d34176,L-WL16-J07A,,L-WL16-J07A-0157,,IMG_0197,,,Turdus mupinensis,Chinese Thrush,,,,5/21/2016 9:10,,,1,,,,,,
5613,d34176,L-WL16-J07A,,L-WL16-J07A-0158,,IMG_0198,,,Turdus mupinensis,Chinese Thrush,,,,5/21/2016 9:10,,,1,,,,,,
5614,d34176,L-WL16-J07A,,L-WL16-J07A-0159,,IMG_0199,,,Turdus mupinensis,Chinese Thrush,,,,5/21/2016 9:10,,,1,,,,,,
5615,d34176,L-WL16-J07A,,L-WL16-J07A-0160,,IMG_0200,,,Turdus mupinensis,Chinese Thrush,,,,5/21/2016 9:10,,,1,,,,,,
5616,d34176,L-WL16-J07A,,L-WL16-J07A-0161,,IMG_0201,,,Turdus mupinensis,Chinese Thrush,,,,5/21/2016 9:10,,,1,,,,,,
5617,d34176,L-WL16-J07A,,L-WL16-J07A-0162,,IMG_0202,,,Turdus mupinensis,Chinese Thrush,,,,5/21/2016 9:10,,,1,,,,,,
5618,d34176,L-WL16-J07A,,L-WL16-J07A-0163,,IMG_0203,,,Turdus mupinensis,Chinese Thrush,,,,5/21/2016 9:10,,,1,,,,,,
5619,d34176,L-WL16-J07A,,L-WL16-J07A-0164,,IMG_0204,,,Turdus mupinensis,Chinese Thrush,,,,5/21/2016 9:10,,,1,,,,,,
5620,d34176,L-WL16-J07A,,L-WL16-J07A-0165,,IMG_0205,,,Turdus mupinensis,Chinese Thrush,,,,5/21/2016 9:10,,,1,,,,,,
5621,d34176,L-WL16-J07A,,L-WL16-J07A-0166,,IMG_0206,,,Turdus mupinensis,Chinese Thrush,,,,5/21/2016 9:10,,,1,,,,,,
5622,d34176,L-WL16-J07A,,L-WL16-J07A-0167,,IMG_0207,,,Turdus mupinensis,Chinese Thrush,,,,5/21/2016 9:10,,,1,,,,,,
5623,d34176,L-WL16-J07A,,L-WL16-J07A-0168,,IMG_0208,,,Turdus mupinensis,Chinese Thrush,,,,5/21/2016 9:10,,,1,,,,,,
5676,d34176,L-WL16-J07A,,L-WL16-J07A-0221,,IMG_0261,,,Turdus mupinensis,Chinese Thrush,,,,5/29/2016 13:26,,,1,,,,,,
5677,d34176,L-WL16-J07A,,L-WL16-J07A-0222,,IMG_0262,,,Turdus mupinensis,Chinese Thrush,,,,5/29/2016 13:26,,,1,,,,,,
5678,d34176,L-WL16-J07A,,L-WL16-J07A-0223,,IMG_0263,,,Turdus mupinensis,Chinese Thrush,,,,5/29/2016 13:26,,,1,,,,,,
5679,d34176,L-WL16-J07A,,L-WL16-J07A-0224,,IMG_0264,,,Turdus mupinensis,Chinese Thrush,,,,5/29/2016 13:26,,,1,,,,,,
5680,d34176,L-WL16-J07A,,L-WL16-J07A-0225,,IMG_0265,,,Turdus mupinensis,Chinese Thrush,,,,5/29/2016 13:26,,,1,,,,,,
5681,d34176,L-WL16-J07A,,L-WL16-J07A-0226,,IMG_0266,,,Turdus mupinensis,Chinese Thrush,,,,5/29/2016 13:26,,,1,,,,,,
5682,d34176,L-WL16-J07A,,L-WL16-J07A-0227,,IMG_0267,,,Turdus mupinensis,Chinese Thrush,,,,5/29/2016 13:26,,,1,,,,,,
5683,d34176,L-WL16-J07A,,L-WL16-J07A-0228,,IMG_0268,,,Turdus mupinensis,Chinese Thrush,,,,5/29/2016 13:26,,,1,,,,,,
5698,d34176,L-WL16-J07A,,L-WL16-J07A-0243,,IMG_0283,,,Turdus mupinensis,Chinese Thrush,,,,5/29/2016 13:31,,,1,,,,,,
5706,d34176,L-WL16-J07A,,L-WL16-J07A-0251,,IMG_0291,,,Turdus mupinensis,Chinese Thrush,,,,5/29/2016 13:39,,,1,,,,,,
5707,d34176,L-WL16-J07A,,L-WL16-J07A-0252,,IMG_0292,,,Turdus mupinensis,Chinese Thrush,,,,5/29/2016 13:39,,,1,,,,,,
5708,d34176,L-WL16-J07A,,L-WL16-J07A-0253,,IMG_0293,,,Turdus mupinensis,Chinese Thrush,,,,5/29/2016 13:39,,,1,,,,,,
5709,d34176,L-WL16-J07A,,L-WL16-J07A-0254,,IMG_0294,,,Turdus mupinensis,Chinese Thrush,,,,5/29/2016 13:39,,,1,,,,,,
5710,d34176,L-WL16-J07A,,L-WL16-J07A-0255,,IMG_0295,,,Turdus mupinensis,Chinese Thrush,,,,5/29/2016 13:39,,,1,,,,,,
5712,d34176,L-WL16-J07A,,L-WL16-J07A-0257,,IMG_0297,,,Turdus mupinensis,Chinese Thrush,,,,5/29/2016 13:39,,,1,,,,,,
5713,d34176,L-WL16-J07A,,L-WL16-J07A-0258,,IMG_0298,,,Turdus mupinensis,Chinese Thrush,,,,5/29/2016 13:39,,,1,,,,,,
5714,d34176,L-WL16-J07A,,L-WL16-J07A-0259,,IMG_0299,,,Turdus mupinensis,Chinese Thrush,,,,5/29/2016 13:39,,,1,,,,,,
5715,d34176,L-WL16-J07A,,L-WL16-J07A-0260,,IMG_0300,,,Turdus mupinensis,Chinese Thrush,,,,5/29/2016 13:39,,,1,,,,,,
5725,d34176,L-WL16-J07A,,L-WL16-J07A-0270,,IMG_0310,,,Turdus mupinensis,Chinese Thrush,,,,5/29/2016 13:40,,,1,,,,,,
5726,d34176,L-WL16-J07A,,L-WL16-J07A-0271,,IMG_0311,,,Turdus mupinensis,Chinese Thrush,,,,5/29/2016 15:41,,,1,,,,,,
5727,d34176,L-WL16-J07A,,L-WL16-J07A-0272,,IMG_0312,,,Turdus mupinensis,Chinese Thrush,,,,5/29/2016 15:41,,,1,,,,,,
5728,d34176,L-WL16-J07A,,L-WL16-J07A-0273,,IMG_0313,,,Turdus mupinensis,Chinese Thrush,,,,5/29/2016 15:41,,,1,,,,,,
5729,d34176,L-WL16-J07A,,L-WL16-J07A-0274,,IMG_0314,,,Turdus mupinensis,Chinese Thrush,,,,5/29/2016 15:41,,,1,,,,,,
5730,d34176,L-WL16-J07A,,L-WL16-J07A-0275,,IMG_0315,,,Turdus mupinensis,Chinese Thrush,,,,5/29/2016 15:41,,,1,,,,,,
5731,d34176,L-WL16-J07A,,L-WL16-J07A-0276,,IMG_0316,,,Turdus mupinensis,Chinese Thrush,,,,5/29/2016 15:41,,,1,,,,,,
5732,d34176,L-WL16-J07A,,L-WL16-J07A-0277,,IMG_0317,,,Turdus mupinensis,Chinese Thrush,,,,5/29/2016 15:41,,,1,,,,,,
5746,d34176,L-WL16-J07A,,L-WL16-J07A-0291,,IMG_0331,,,Turdus mupinensis,Chinese Thrush,,,,5/29/2016 16:50,,,1,,,,,,
5747,d34176,L-WL16-J07A,,L-WL16-J07A-0292,,IMG_0332,,,Turdus mupinensis,Chinese Thrush,,,,5/29/2016 16:50,,,1,,,,,,
5748,d34176,L-WL16-J07A,,L-WL16-J07A-0293,,IMG_0333,,,Turdus mupinensis,Chinese Thrush,,,,5/29/2016 16:50,,,1,,,,,,
5749,d34176,L-WL16-J07A,,L-WL16-J07A-0294,,IMG_0334,,,Turdus mupinensis,Chinese Thrush,,,,5/29/2016 16:51,,,1,,,,,,
5750,d34176,L-WL16-J07A,,L-WL16-J07A-0295,,IMG_0335,,,Turdus mupinensis,Chinese Thrush,,,,5/29/2016 16:51,,,1,,,,,,
5751,d34176,L-WL16-J07A,,L-WL16-J07A-0296,,IMG_0336,,,Turdus mupinensis,Chinese Thrush,,,,5/29/2016 16:51,,,1,,,,,,
5766,d34176,L-WL16-J07A,,L-WL16-J07A-0311,,IMG_0351,,,Turdus mupinensis,Chinese Thrush,,,,5/29/2016 16:52,,,1,,,,,,
6371,d34178,L-WL16-J18A,,L-WL16-J18A-0171,,IMG_0171,,,Turdus mupinensis,Chinese Thrush,,,,4/9/2016 11:21,,,1,,,,,,
6372,d34178,L-WL16-J18A,,L-WL16-J18A-0172,,IMG_0172,,,Turdus mupinensis,Chinese Thrush,,,,4/9/2016 11:21,,,1,,,,,,
6373,d34178,L-WL16-J18A,,L-WL16-J18A-0173,,IMG_0173,,,Turdus mupinensis,Chinese Thrush,,,,4/9/2016 11:21,,,1,,,,,,
14239,d34188,L-WL16-M06A,,L-WL16-M06A-0046,,IMG_0076,,,Turdus mupinensis,Chinese Thrush,,,,4/10/2016 10:25,,,1,,,,,,
14240,d34188,L-WL16-M06A,,L-WL16-M06A-0047,,IMG_0078,,,Turdus mupinensis,Chinese Thrush,,,,4/10/2016 10:25,,,1,,,,,,
14241,d34188,L-WL16-M06A,,L-WL16-M06A-0048,,IMG_0077,,,Turdus mupinensis,Chinese Thrush,,,,4/10/2016 10:25,,,1,,,,,,
14242,d34188,L-WL16-M06A,,L-WL16-M06A-0049,,IMG_0080,,,Turdus mupinensis,Chinese Thrush,,,,4/10/2016 10:25,,,1,,,,,,
14243,d34188,L-WL16-M06A,,L-WL16-M06A-0050,,IMG_0079,,,Turdus mupinensis,Chinese Thrush,,,,4/10/2016 10:25,,,1,,,,,,
14691,d34189,L-WL16-M10A,,L-WL16-M10A-0077,,IMAG0077,,,Paradoxornis paradoxus,Three-toed Parrotbill,,,,5/16/2016 11:55,,,1,,,,,,
14805,d34189,L-WL16-M10A,,L-WL16-M10A-0229,,IMAG0229,,,Paradoxornis fulvifrons,Fulvous Parrotbill,,,,7/30/2016 12:53,,,1,,,,,,
14806,d34189,L-WL16-M10A,,L-WL16-M10A-0230,,IMAG0230,,,Paradoxornis fulvifrons,Fulvous Parrotbill,,,,7/30/2016 12:53,,,1,,,,,,
15099,d34197,L-WL14-N08A,,L-WL14-N08A-0211,,IMG_0251,,,Alcippe cinereiceps,Streak-throated Fulvetta,,,,1/16/2015 16:51,,,2,,,,,,
15100,d34197,L-WL14-N08A,,L-WL14-N08A-0212,,IMG_0252,,,Alcippe cinereiceps,Streak-throated Fulvetta,,,,1/16/2015 16:51,,,2,,,,,,
15101,d34197,L-WL14-N08A,,L-WL14-N08A-0213,,IMG_0253,,,Alcippe cinereiceps,Streak-throated Fulvetta,,,,1/16/2015 16:51,,,2,,,,,,
15102,d34197,L-WL14-N08A,,L-WL14-N08A-0214,,IMG_0254,,,Alcippe cinereiceps,Streak-throated Fulvetta,,,,1/16/2015 16:51,,,1,,,,,,
15103,d34197,L-WL14-N08A,,L-WL14-N08A-0215,,IMG_0255,,,Alcippe cinereiceps,Streak-throated Fulvetta,,,,1/16/2015 16:51,,,1,,,,,,
15104,d34197,L-WL14-N08A,,L-WL14-N08A-0216,,IMG_0256,,,Alcippe cinereiceps,Streak-throated Fulvetta,,,,1/16/2015 16:51,,,1,,,,,,
15105,d34197,L-WL14-N08A,,L-WL14-N08A-0217,,IMG_0257,,,Alcippe cinereiceps,Streak-throated Fulvetta,,,,1/16/2015 16:51,,,1,,,,,,
15106,d34197,L-WL14-N08A,,L-WL14-N08A-0218,,IMG_0258,,,Alcippe cinereiceps,Streak-throated Fulvetta,,,,1/16/2015 16:51,,,1,,,,,,
15107,d34197,L-WL14-N08A,,L-WL14-N08A-0219,,IMG_0259,,,Alcippe cinereiceps,Streak-throated Fulvetta,,,,1/16/2015 16:51,,,1,,,,,,
15108,d34197,L-WL14-N08A,,L-WL14-N08A-0220,,IMG_0260,,,Alcippe cinereiceps,Streak-throated Fulvetta,,,,1/16/2015 16:51,,,1,,,,,,
18891,d34232,L-WL15-Q08A,,L-WL15-Q08A-0211,,IMG_0231,,,Turdus mupinensis,Chinese Thrush,,,,4/3/2015 9:57,,,1,,,,,,
18892,d34232,L-WL15-Q08A,,L-WL15-Q08A-0212,,IMG_0232,,,Turdus mupinensis,Chinese Thrush,,,,4/3/2015 9:58,,,1,,,,,,
18893,d34232,L-WL15-Q08A,,L-WL15-Q08A-0213,,IMG_0233,,,Turdus mupinensis,Chinese Thrush,,,,4/3/2015 9:58,,,1,,,,,,
18894,d34232,L-WL15-Q08A,,L-WL15-Q08A-0214,,IMG_0234,,,Turdus mupinensis,Chinese Thrush,,,,4/3/2015 9:58,,,1,,,,,,
18895,d34232,L-WL15-Q08A,,L-WL15-Q08A-0215,,IMG_0235,,,Turdus mupinensis,Chinese Thrush,,,,4/3/2015 9:58,,,1,,,,,,
18896,d34232,L-WL15-Q08A,,L-WL15-Q08A-0216,,IMG_0236,,,Turdus mupinensis,Chinese Thrush,,,,4/3/2015 9:58,,,1,,,,,,
18897,d34232,L-WL15-Q08A,,L-WL15-Q08A-0217,,IMG_0237,,,Turdus mupinensis,Chinese Thrush,,,,4/3/2015 9:58,,,1,,,,,,
18898,d34232,L-WL15-Q08A,,L-WL15-Q08A-0218,,IMG_0238,,,Turdus mupinensis,Chinese Thrush,,,,4/3/2015 9:58,,,1,,,,,,
18899,d34232,L-WL15-Q08A,,L-WL15-Q08A-0219,,IMG_0239,,,Turdus mupinensis,Chinese Thrush,,,,4/3/2015 9:58,,,1,,,,,,
18900,d34232,L-WL15-Q08A,,L-WL15-Q08A-0220,,IMG_0240,,,Turdus mupinensis,Chinese Thrush,,,,4/3/2015 9:58,,,1,,,,,,
19271,d34232,L-WL15-Q08A,,L-WL15-Q08A-0591,,IMG_0611,,,Turdus mupinensis,Chinese Thrush,,,,5/15/2015 13:38,,,1,,,,,,
19272,d34232,L-WL15-Q08A,,L-WL15-Q08A-0592,,IMG_0612,,,Turdus mupinensis,Chinese Thrush,,,,5/15/2015 13:38,,,1,,,,,,
19273,d34232,L-WL15-Q08A,,L-WL15-Q08A-0593,,IMG_0613,,,Turdus mupinensis,Chinese Thrush,,,,5/15/2015 13:38,,,1,,,,,,
19274,d34232,L-WL15-Q08A,,L-WL15-Q08A-0594,,IMG_0614,,,Turdus mupinensis,Chinese Thrush,,,,5/15/2015 13:38,,,1,,,,,,
19275,d34232,L-WL15-Q08A,,L-WL15-Q08A-0595,,IMG_0615,,,Turdus mupinensis,Chinese Thrush,,,,5/15/2015 13:38,,,1,,,,,,
19276,d34232,L-WL15-Q08A,,L-WL15-Q08A-0596,,IMG_0616,,,Turdus mupinensis,Chinese Thrush,,,,5/15/2015 13:38,,,1,,,,,,
19277,d34232,L-WL15-Q08A,,L-WL15-Q08A-0597,,IMG_0617,,,Turdus mupinensis,Chinese Thrush,,,,5/15/2015 13:38,,,1,,,,,,
19278,d34232,L-WL15-Q08A,,L-WL15-Q08A-0598,,IMG_0618,,,Turdus mupinensis,Chinese Thrush,,,,5/15/2015 13:38,,,1,,,,,,
19279,d34232,L-WL15-Q08A,,L-WL15-Q08A-0599,,IMG_0619,,,Turdus mupinensis,Chinese Thrush,,,,5/15/2015 13:38,,,1,,,,,,
19280,d34232,L-WL15-Q08A,,L-WL15-Q08A-0600,,IMG_0620,,,Turdus mupinensis,Chinese Thrush,,,,5/15/2015 13:38,,,1,,,,,,
19571,d34232,L-WL15-Q08A,,L-WL15-Q08A-0891,,IMG_0911,,,Turdus mupinensis,Chinese Thrush,,,,6/21/2015 8:09,,,1,,,,,,
19572,d34232,L-WL15-Q08A,,L-WL15-Q08A-0892,,IMG_0912,,,Turdus mupinensis,Chinese Thrush,,,,6/21/2015 8:09,,,1,,,,,,
19573,d34232,L-WL15-Q08A,,L-WL15-Q08A-0893,,IMG_0913,,,Turdus mupinensis,Chinese Thrush,,,,6/21/2015 8:09,,,1,,,,,,
19574,d34232,L-WL15-Q08A,,L-WL15-Q08A-0894,,IMG_0914,,,Turdus mupinensis,Chinese Thrush,,,,6/21/2015 8:10,,,1,,,,,,
19575,d34232,L-WL15-Q08A,,L-WL15-Q08A-0895,,IMG_0915,,,Turdus mupinensis,Chinese Thrush,,,,6/21/2015 8:10,,,1,,,,,,
19576,d34232,L-WL15-Q08A,,L-WL15-Q08A-0896,,IMG_0916,,,Turdus mupinensis,Chinese Thrush,,,,6/21/2015 8:10,,,1,,,,,,
19577,d34232,L-WL15-Q08A,,L-WL15-Q08A-0897,,IMG_0917,,,Turdus mupinensis,Chinese Thrush,,,,6/21/2015 8:10,,,1,,,,,,
19578,d34232,L-WL15-Q08A,,L-WL15-Q08A-0898,,IMG_0918,,,Turdus mupinensis,Chinese Thrush,,,,6/21/2015 8:10,,,1,,,,,,
19579,d34232,L-WL15-Q08A,,L-WL15-Q08A-0899,,IMG_0919,,,Turdus mupinensis,Chinese Thrush,,,,6/21/2015 8:10,,,1,,,,,,
19580,d34232,L-WL15-Q08A,,L-WL15-Q08A-0900,,IMG_0920,,,Turdus mupinensis,Chinese Thrush,,,,6/21/2015 8:10,,,1,,,,,,
22270,d34240,L-WL15-D15A,,L-WL15-D15A-0171,,IMG_0171,,,Hodgsonius phoenicuroides,White-bellied Redstart,,,,9/11/2015 15:01,,,1,,,,,Female,
22271,d34240,L-WL15-D15A,,L-WL15-D15A-0172,,IMG_0172,,,Hodgsonius phoenicuroides,White-bellied Redstart,,,,9/11/2015 15:01,,,1,,,,,Female,
22272,d34240,L-WL15-D15A,,L-WL15-D15A-0173,,IMG_0173,,,Hodgsonius phoenicuroides,White-bellied Redstart,,,,9/11/2015 15:01,,,1,,,,,Female,
22273,d34240,L-WL15-D15A,,L-WL15-D15A-0174,,IMG_0174,,,Hodgsonius phoenicuroides,White-bellied Redstart,,,,9/11/2015 15:01,,,1,,,,,Female,
22274,d34240,L-WL15-D15A,,L-WL15-D15A-0175,,IMG_0175,,,Hodgsonius phoenicuroides,White-bellied Redstart,,,,9/11/2015 15:01,,,1,,,,,Female,
22275,d34240,L-WL15-D15A,,L-WL15-D15A-0176,,IMG_0176,,,Hodgsonius phoenicuroides,White-bellied Redstart,,,,9/11/2015 15:01,,,1,,,,,Female,
22276,d34240,L-WL15-D15A,,L-WL15-D15A-0177,,IMG_0177,,,Hodgsonius phoenicuroides,White-bellied Redstart,,,,9/11/2015 15:01,,,1,,,,,Female,
22277,d34240,L-WL15-D15A,,L-WL15-D15A-0178,,IMG_0178,,,Hodgsonius phoenicuroides,White-bellied Redstart,,,,9/11/2015 15:01,,,1,,,,,Female,
22278,d34240,L-WL15-D15A,,L-WL15-D15A-0179,,IMG_0179,,,Hodgsonius phoenicuroides,White-bellied Redstart,,,,9/11/2015 15:01,,,1,,,,,Female,
22279,d34240,L-WL15-D15A,,L-WL15-D15A-0180,,IMG_0180,,,Hodgsonius phoenicuroides,White-bellied Redstart,,,,9/11/2015 15:01,,,1,,,,,Female,
38851,d34253,L-WL15-G06B,,L-WL15-G06B-0661,,IMG_0661,,,Turdus mupinensis,Chinese Thrush,,,,9/6/2015 11:03,,,1,,,,,,
38852,d34253,L-WL15-G06B,,L-WL15-G06B-0662,,IMG_0662,,,Turdus mupinensis,Chinese Thrush,,,,9/6/2015 11:03,,,1,,,,,,
38853,d34253,L-WL15-G06B,,L-WL15-G06B-0663,,IMG_0663,,,Turdus mupinensis,Chinese Thrush,,,,9/6/2015 11:03,,,1,,,,,,
38854,d34253,L-WL15-G06B,,L-WL15-G06B-0664,,IMG_0664,,,Turdus mupinensis,Chinese Thrush,,,,9/6/2015 11:03,,,1,,,,,,
38855,d34253,L-WL15-G06B,,L-WL15-G06B-0665,,IMG_0665,,,Turdus mupinensis,Chinese Thrush,,,,9/6/2015 11:03,,,1,,,,,,
38856,d34253,L-WL15-G06B,,L-WL15-G06B-0666,,IMG_0666,,,Turdus mupinensis,Chinese Thrush,,,,9/6/2015 11:03,,,1,,,,,,
38857,d34253,L-WL15-G06B,,L-WL15-G06B-0667,,IMG_0667,,,Turdus mupinensis,Chinese Thrush,,,,9/6/2015 11:03,,,1,,,,,,
38858,d34253,L-WL15-G06B,,L-WL15-G06B-0668,,IMG_0668,,,Turdus mupinensis,Chinese Thrush,,,,9/6/2015 11:03,,,1,,,,,,
38859,d34253,L-WL15-G06B,,L-WL15-G06B-0669,,IMG_0669,,,Turdus mupinensis,Chinese Thrush,,,,9/6/2015 11:03,,,1,,,,,,
38860,d34253,L-WL15-G06B,,L-WL15-G06B-0670,,IMG_0670,,,Turdus mupinensis,Chinese Thrush,,,,9/6/2015 11:03,,,1,,,,,,
39321,d34253,L-WL15-G06B,,L-WL15-G06B-1131,,IMG_1131,,,Turdus mupinensis,Chinese Thrush,,,,10/4/2015 7:30,,,1,,,,,,
39322,d34253,L-WL15-G06B,,L-WL15-G06B-1132,,IMG_1132,,,Turdus mupinensis,Chinese Thrush,,,,10/4/2015 7:30,,,1,,,,,,
39323,d34253,L-WL15-G06B,,L-WL15-G06B-1133,,IMG_1133,,,Turdus mupinensis,Chinese Thrush,,,,10/4/2015 7:30,,,1,,,,,,
39324,d34253,L-WL15-G06B,,L-WL15-G06B-1134,,IMG_1134,,,Turdus mupinensis,Chinese Thrush,,,,10/4/2015 7:30,,,1,,,,,,
39325,d34253,L-WL15-G06B,,L-WL15-G06B-1135,,IMG_1135,,,Turdus mupinensis,Chinese Thrush,,,,10/4/2015 7:30,,,1,,,,,,
39326,d34253,L-WL15-G06B,,L-WL15-G06B-1136,,IMG_1136,,,Turdus mupinensis,Chinese Thrush,,,,10/4/2015 7:30,,,1,,,,,,
39327,d34253,L-WL15-G06B,,L-WL15-G06B-1137,,IMG_1137,,,Turdus mupinensis,Chinese Thrush,,,,10/4/2015 7:30,,,1,,,,,,
39328,d34253,L-WL15-G06B,,L-WL15-G06B-1138,,IMG_1138,,,Turdus mupinensis,Chinese Thrush,,,,10/4/2015 7:30,,,1,,,,,,
39329,d34253,L-WL15-G06B,,L-WL15-G06B-1139,,IMG_1139,,,Turdus mupinensis,Chinese Thrush,,,,10/4/2015 7:30,,,1,,,,,,
39330,d34253,L-WL15-G06B,,L-WL15-G06B-1140,,IMG_1140,,,Turdus mupinensis,Chinese Thrush,,,,10/4/2015 7:30,,,1,,,,,,
45686,d34275,L-WL15-K07A,,L-WL15-K07A-0007,,IMAG0184,,,Alcippe cinereiceps,Streak-throated Fulvetta,,,,11/3/2015 15:33,,,1,,,,,,
45687,d34275,L-WL15-K07A,,L-WL15-K07A-0008,,IMAG0185,,,Alcippe cinereiceps,Streak-throated Fulvetta,,,,11/3/2015 15:33,,,1,,,,,,
45688,d34275,L-WL15-K07A,,L-WL15-K07A-0009,,IMAG0186,,,Alcippe cinereiceps,Streak-throated Fulvetta,,,,11/3/2015 15:33,,,1,,,,,,
45689,d34275,L-WL15-K07A,,L-WL15-K07A-0010,,IMAG0187,,,Alcippe cinereiceps,Streak-throated Fulvetta,,,,11/4/2015 10:13,,,1,,,,,,
45690,d34275,L-WL15-K07A,,L-WL15-K07A-0011,,IMAG0188,,,Alcippe cinereiceps,Streak-throated Fulvetta,,,,11/4/2015 10:13,,,1,,,,,,
45691,d34275,L-WL15-K07A,,L-WL15-K07A-0012,,IMAG0189,,,Alcippe cinereiceps,Streak-throated Fulvetta,,,,11/4/2015 10:13,,,1,,,,,,
45912,d34277,L-WL15-K19A,,L-WL15-K19A-0031,,IMG_0031,,,Tetrastes sewerzowi,Chinese Hazel Grouse,,,,11/1/2015 17:45,,,1,,,,,,
45913,d34277,L-WL15-K19A,,L-WL15-K19A-0032,,IMG_0033,,,Tetrastes sewerzowi,Chinese Hazel Grouse,,,,11/1/2015 17:45,,,1,,,,,,
45914,d34277,L-WL15-K19A,,L-WL15-K19A-0033,,IMG_0032,,,Tetrastes sewerzowi,Chinese Hazel Grouse,,,,11/1/2015 17:45,,,1,,,,,,
45915,d34277,L-WL15-K19A,,L-WL15-K19A-0034,,IMG_0035,,,Tetrastes sewerzowi,Chinese Hazel Grouse,,,,11/1/2015 17:46,,,1,,,,,,
45916,d34277,L-WL15-K19A,,L-WL15-K19A-0035,,IMG_0034,,,Tetrastes sewerzowi,Chinese Hazel Grouse,,,,11/1/2015 17:46,,,1,,,,,,
50866,d34282,L-WL15-M08B,,L-WL15-M08B-0931,,IMG_0931,,,Spizaetus nipalensis,Mountain Hawk-Eagle,,,,2/26/2016 8:56,,,1,,,,,,
50867,d34282,L-WL15-M08B,,L-WL15-M08B-0932,,IMG_0932,,,Spizaetus nipalensis,Mountain Hawk-Eagle,,,,2/26/2016 8:56,,,1,,,,,,
50868,d34282,L-WL15-M08B,,L-WL15-M08B-0933,,IMG_0933,,,Spizaetus nipalensis,Mountain Hawk-Eagle,,,,2/26/2016 8:56,,,1,,,,,,
50869,d34282,L-WL15-M08B,,L-WL15-M08B-0934,,IMG_0934,,,Spizaetus nipalensis,Mountain Hawk-Eagle,,,,2/26/2016 8:56,,,1,,,,,,
50870,d34282,L-WL15-M08B,,L-WL15-M08B-0935,,IMG_0935,,,Spizaetus nipalensis,Mountain Hawk-Eagle,,,,2/26/2016 8:56,,,1,,,,,,
50871,d34282,L-WL15-M08B,,L-WL15-M08B-0936,,IMG_0936,,,Spizaetus nipalensis,Mountain Hawk-Eagle,,,,2/26/2016 8:56,,,1,,,,,,
50872,d34282,L-WL15-M08B,,L-WL15-M08B-0937,,IMG_0937,,,Spizaetus nipalensis,Mountain Hawk-Eagle,,,,2/26/2016 8:56,,,1,,,,,,
50873,d34282,L-WL15-M08B,,L-WL15-M08B-0938,,IMG_0938,,,Spizaetus nipalensis,Mountain Hawk-Eagle,,,,2/26/2016 8:56,,,1,,,,,,
50874,d34282,L-WL15-M08B,,L-WL15-M08B-0939,,IMG_0939,,,Spizaetus nipalensis,Mountain Hawk-Eagle,,,,2/26/2016 8:56,,,1,,,,,,
50875,d34282,L-WL15-M08B,,L-WL15-M08B-0940,,IMG_0940,,,Spizaetus nipalensis,Mountain Hawk-Eagle,,,,2/26/2016 8:56,,,1,,,,,,
50876,d34282,L-WL15-M08B,,L-WL15-M08B-0941,,IMG_0941,,,Spizaetus nipalensis,Mountain Hawk-Eagle,,,,2/26/2016 10:28,,,1,,,,,,
50877,d34282,L-WL15-M08B,,L-WL15-M08B-0942,,IMG_0942,,,Spizaetus nipalensis,Mountain Hawk-Eagle,,,,2/26/2016 10:28,,,1,,,,,,
50878,d34282,L-WL15-M08B,,L-WL15-M08B-0943,,IMG_0943,,,Spizaetus nipalensis,Mountain Hawk-Eagle,,,,2/26/2016 10:28,,,1,,,,,,
50879,d34282,L-WL15-M08B,,L-WL15-M08B-0944,,IMG_0944,,,Spizaetus nipalensis,Mountain Hawk-Eagle,,,,2/26/2016 10:28,,,1,,,,,,
50880,d34282,L-WL15-M08B,,L-WL15-M08B-0945,,IMG_0945,,,Spizaetus nipalensis,Mountain Hawk-Eagle,,,,2/26/2016 10:28,,,1,,,,,,
50881,d34282,L-WL15-M08B,,L-WL15-M08B-0946,,IMG_0946,,,Spizaetus nipalensis,Mountain Hawk-Eagle,,,,2/26/2016 10:28,,,1,,,,,,
50882,d34282,L-WL15-M08B,,L-WL15-M08B-0947,,IMG_0947,,,Spizaetus nipalensis,Mountain Hawk-Eagle,,,,2/26/2016 10:28,,,1,,,,,,
50883,d34282,L-WL15-M08B,,L-WL15-M08B-0948,,IMG_0948,,,Spizaetus nipalensis,Mountain Hawk-Eagle,,,,2/26/2016 10:28,,,1,,,,,,
50884,d34282,L-WL15-M08B,,L-WL15-M08B-0949,,IMG_0949,,,Spizaetus nipalensis,Mountain Hawk-Eagle,,,,2/26/2016 10:28,,,1,,,,,,
50885,d34282,L-WL15-M08B,,L-WL15-M08B-0950,,IMG_0950,,,Spizaetus nipalensis,Mountain Hawk-Eagle,,,,2/26/2016 10:28,,,1,,,,,,
51399,d34287,L-WL15-P17A,,L-WL15-P17A-0013,,IMAG0013,,,Alcippe cinereiceps,Streak-throated Fulvetta,,,,11/22/2015 12:35,,,1,,,,,,
51400,d34287,L-WL15-P17A,,L-WL15-P17A-0014,,IMAG0014,,,Alcippe cinereiceps,Streak-throated Fulvetta,,,,11/22/2015 12:35,,,1,,,,,,
51401,d34287,L-WL15-P17A,,L-WL15-P17A-0015,,IMAG0015,,,Alcippe cinereiceps,Streak-throated Fulvetta,,,,11/22/2015 12:35,,,1,,,,,,
62029,d36059,L-WL16-F03A,,L-WL16-F03A1-0009,,IMAG0010,,,Chaimarrornis leucocephalus,White-capped Water-Redstart,,,,7/19/2016 14:33,,,1,,,,,,
62030,d36059,L-WL16-F03A,,L-WL16-F03A1-0010,,IMAG0011,,,Chaimarrornis leucocephalus,White-capped Water-Redstart,,,,7/19/2016 14:33,,,1,,,,,,
62082,d36059,L-WL16-F03A,,L-WL16-F03A1-0080,,IMAG0081,,,Chaimarrornis leucocephalus,White-capped Water-Redstart,,,,8/20/2016 6:14,,,1,,,,,,
62083,d36059,L-WL16-F03A,,L-WL16-F03A1-0081,,IMAG0082,,,Chaimarrornis leucocephalus,White-capped Water-Redstart,,,,8/20/2016 6:14,,,1,,,,,,
62084,d36059,L-WL16-F03A,,L-WL16-F03A1-0082,,IMAG0083,,,Chaimarrornis leucocephalus,White-capped Water-Redstart,,,,8/20/2016 6:14,,,1,,,,,,
65506,d36086,L-WL16-H24A,,L-WL16-H24A1-0072,,IMAG0143,,,Tetrastes sewerzowi,Chinese Hazel Grouse,,,,8/25/2016 19:06,,,3,,,,,,
65507,d36086,L-WL16-H24A,,L-WL16-H24A1-0073,,IMAG0144,,,Tetrastes sewerzowi,Chinese Hazel Grouse,,,,8/25/2016 19:06,,,3,,,,,,
65508,d36086,L-WL16-H24A,,L-WL16-H24A1-0074,,IMAG0145,,,Tetrastes sewerzowi,Chinese Hazel Grouse,,,,8/25/2016 19:06,,,3,,,,,,
65509,d36086,L-WL16-H24A,,L-WL16-H24A1-0076,,IMAG0147,,,Tetrastes sewerzowi,Chinese Hazel Grouse,,,,8/25/2016 19:11,,,1,,,,,,
65510,d36086,L-WL16-H24A,,L-WL16-H24A1-0077,,IMAG0148,,,Tetrastes sewerzowi,Chinese Hazel Grouse,,,,8/25/2016 19:11,,,1,,,,,,
65511,d36086,L-WL16-H24A,,L-WL16-H24A1-0078,,IMAG0149,,,Tetrastes sewerzowi,Chinese Hazel Grouse,,,,8/25/2016 19:11,,,1,,,,,,
65512,d36086,L-WL16-H24A,,L-WL16-H24A1-0080,,IMAG0151,,,Tetrastes sewerzowi,Chinese Hazel Grouse,,,,8/25/2016 19:11,,,1,,,,,,
65513,d36086,L-WL16-H24A,,L-WL16-H24A1-0081,,IMAG0152,,,Tetrastes sewerzowi,Chinese Hazel Grouse,,,,8/25/2016 19:11,,,1,,,,,,
65514,d36086,L-WL16-H24A,,L-WL16-H24A1-0082,,IMAG0153,,,Tetrastes sewerzowi,Chinese Hazel Grouse,,,,8/25/2016 19:11,,,1,,,,,,
65515,d36086,L-WL16-H24A,,L-WL16-H24A1-0084,,IMAG0155,,,Tetrastes sewerzowi,Chinese Hazel Grouse,,,,8/25/2016 19:13,,,1,,,,,,
65516,d36086,L-WL16-H24A,,L-WL16-H24A1-0085,,IMAG0156,,,Tetrastes sewerzowi,Chinese Hazel Grouse,,,,8/25/2016 19:14,,,1,,,,,,
65517,d36086,L-WL16-H24A,,L-WL16-H24A1-0086,,IMAG0157,,,Tetrastes sewerzowi,Chinese Hazel Grouse,,,,8/25/2016 19:14,,,1,,,,,,
65518,d36086,L-WL16-H24A,,L-WL16-H24A1-0088,,IMAG0159,,,Tetrastes sewerzowi,Chinese Hazel Grouse,,,,8/25/2016 19:14,,,1,,,,,,
65519,d36086,L-WL16-H24A,,L-WL16-H24A1-0089,,IMAG0160,,,Tetrastes sewerzowi,Chinese Hazel Grouse,,,,8/25/2016 19:14,,,1,,,,,,
65520,d36086,L-WL16-H24A,,L-WL16-H24A1-0090,,IMAG0161,,,Tetrastes sewerzowi,Chinese Hazel Grouse,,,,8/25/2016 19:14,,,1,,,,,,
67225,d36094,L-WL16-J13A,,L-WL16-J13A1-0511,,IMG_0511,,,Seicercus burkii,Golden-spectacled Warbler,,,,9/1/2016 9:28,,,1,,,,,,
67226,d36094,L-WL16-J13A,,L-WL16-J13A1-0512,,IMG_0512,,,Seicercus burkii,Golden-spectacled Warbler,,,,9/1/2016 9:28,,,1,,,,,,
67227,d36094,L-WL16-J13A,,L-WL16-J13A1-0513,,IMG_0513,,,Seicercus burkii,Golden-spectacled Warbler,,,,9/1/2016 9:28,,,1,,,,,,
67228,d36094,L-WL16-J13A,,L-WL16-J13A1-0514,,IMG_0514,,,Seicercus burkii,Golden-spectacled Warbler,,,,9/1/2016 9:28,,,1,,,,,,
67229,d36094,L-WL16-J13A,,L-WL16-J13A1-0515,,IMG_0515,,,Seicercus burkii,Golden-spectacled Warbler,,,,9/1/2016 9:28,,,1,,,,,,
67230,d36094,L-WL16-J13A,,L-WL16-J13A1-0516,,IMG_0516,,,Seicercus burkii,Golden-spectacled Warbler,,,,9/1/2016 9:28,,,1,,,,,,
67231,d36094,L-WL16-J13A,,L-WL16-J13A1-0517,,IMG_0517,,,Seicercus burkii,Golden-spectacled Warbler,,,,9/1/2016 9:28,,,1,,,,,,
67232,d36094,L-WL16-J13A,,L-WL16-J13A1-0518,,IMG_0518,,,Seicercus burkii,Golden-spectacled Warbler,,,,9/1/2016 9:28,,,1,,,,,,
67233,d36094,L-WL16-J13A,,L-WL16-J13A1-0519,,IMG_0519,,,Seicercus burkii,Golden-spectacled Warbler,,,,9/1/2016 9:28,,,1,,,,,,
67234,d36094,L-WL16-J13A,,L-WL16-J13A1-0520,,IMG_0520,,,Seicercus burkii,Golden-spectacled Warbler,,,,9/1/2016 9:28,,,1,,,,,,
67495,d36094,L-WL16-J13A,,L-WL16-J13A1-0781,,IMG_0781,,,Turdus mupinensis,Chinese Thrush,,,,9/19/2016 7:49,,,1,,,,,,
67496,d36094,L-WL16-J13A,,L-WL16-J13A1-0782,,IMG_0782,,,Turdus mupinensis,Chinese Thrush,,,,9/19/2016 7:49,,,1,,,,,,
67497,d36094,L-WL16-J13A,,L-WL16-J13A1-0783,,IMG_0783,,,Turdus mupinensis,Chinese Thrush,,,,9/19/2016 7:49,,,1,,,,,,
67498,d36094,L-WL16-J13A,,L-WL16-J13A1-0784,,IMG_0784,,,Turdus mupinensis,Chinese Thrush,,,,9/19/2016 7:49,,,1,,,,,,
67499,d36094,L-WL16-J13A,,L-WL16-J13A1-0785,,IMG_0785,,,Turdus mupinensis,Chinese Thrush,,,,9/19/2016 7:49,,,1,,,,,,
67500,d36094,L-WL16-J13A,,L-WL16-J13A1-0786,,IMG_0786,,,Turdus mupinensis,Chinese Thrush,,,,9/19/2016 7:50,,,1,,,,,,
67501,d36094,L-WL16-J13A,,L-WL16-J13A1-0787,,IMG_0787,,,Turdus mupinensis,Chinese Thrush,,,,9/19/2016 7:50,,,1,,,,,,
67502,d36094,L-WL16-J13A,,L-WL16-J13A1-0788,,IMG_0788,,,Turdus mupinensis,Chinese Thrush,,,,9/19/2016 7:50,,,1,,,,,,
67503,d36094,L-WL16-J13A,,L-WL16-J13A1-0789,,IMG_0789,,,Turdus mupinensis,Chinese Thrush,,,,9/19/2016 7:50,,,1,,,,,,
67504,d36094,L-WL16-J13A,,L-WL16-J13A1-0790,,IMG_0790,,,Turdus mupinensis,Chinese Thrush,,,,9/19/2016 7:50,,,1,,,,,,
